{
  "camera_model": "OPENCV",
  "fl_x": 1097.987543300894,
  "fl_y": 1097.987543300894,
  "cx": 512,
  "cy": 512,
  "w": 1024,
  "h": 1024,
  "frames": [
    {
      "file_path": "images/frame_00000.png",
      "transform_matrix": [
        [
          2.220446049250313e-16,
          -0.5877852522924731,
          0.8090169943749475,
          2226.4965679784923
        ],
        [
          0,
          0.8090169943749475,
          0.5877852522924731,
          557.6954453930108
        ],
        [
          -1,
          -1.1102230246251565e-16,
          2.220446049250313e-16,
          23.44989013671875
        ],
        [
          0,
          0,
          0,
          1
        ]
      ]
    },
    {
      "file_path": "images/frame_00001.png",
      "transform_matrix": [
        [
          0.25881904510252074,
          -0.5677569555011357,
          0.7814504087735195,
          2187.680205614971
        ],
        [
          0,
          0.8090169943749473,
          0.5877852522924732,
          557.6954453930108
        ],
        [
          -0.9659258262890682,
          -0.15213001772368218,
          0.20938900595583532,
          318.2894342004661
        ],
        [
          0,
          0,
          0,
          1
        ]
      ]
    },
    {
      "file_path": "images/frame_00002.png",
      "transform_matrix": [
        [
          0.4999999999999999,
          -0.5090369604551274,
          0.7006292692220367,
          2073.876389472409
        ],
        [
          0,
          0.8090169943749472,
          0.5877852522924734,
          557.6954453930108
        ],
        [
          -0.8660254037844387,
          -0.29389262614623657,
          0.4045084971874735,
          593.0361505816533
        ],
        [
          0,
          0,
          0,
          1
        ]
      ]
    },
    {
      "file_path": "images/frame_00003.png",
      "transform_matrix": [
        [
          0.7071067811865477,
          -0.4156269377774535,
          0.5720614028176841,
          1892.8406615512235
        ],
        [
          2.7755575615628914e-17,
          0.8090169943749473,
          0.5877852522924732,
          557.6954453930108
        ],
        [
          -0.7071067811865474,
          -0.4156269377774536,
          0.5720614028176844,
          828.9665045993191
        ],
        [
          0,
          0,
          0,
          1
        ]
      ]
    },
    {
      "file_path": "images/frame_00004.png",
      "transform_matrix": [
        [
          0.8660254037844385,
          -0.2938926261462368,
          0.4045084971874739,
          1656.910307533558
        ],
        [
          -2.7755575615628914e-17,
          0.8090169943749473,
          0.5877852522924732,
          557.6954453930108
        ],
        [
          -0.5000000000000002,
          -0.5090369604551271,
          0.7006292692220366,
          1010.0022325205045
        ],
        [
          0,
          0,
          0,
          1
        ]
      ]
    },
    {
      "file_path": "images/frame_00005.png",
      "transform_matrix": [
        [
          0.9659258262890683,
          -0.15213001772368218,
          0.2093890059558353,
          1382.1635911523704
        ],
        [
          -1.3877787807814457e-17,
          0.8090169943749472,
          0.5877852522924734,
          557.6954453930108
        ],
        [
          -0.2588190451025208,
          -0.5677569555011357,
          0.7814504087735195,
          1123.8060486630666
        ],
        [
          0,
          0,
          0,
          1
        ]
      ]
    },
    {
      "file_path": "images/frame_00006.png",
      "transform_matrix": [
        [
          1,
          0,
          0,
          1087.324047088623
        ],
        [
          0,
          0.8090169943749475,
          0.5877852522924731,
          557.6954453930108
        ],
        [
          0,
          -0.5877852522924731,
          0.8090169943749475,
          1162.622411026588
        ],
        [
          0,
          0,
          0,
          1
        ]
      ]
    },
    {
      "file_path": "images/frame_00007.png",
      "transform_matrix": [
        [
          0.9659258262890683,
          0.15213001772368215,
          -0.2093890059558352,
          792.4845030248758
        ],
        [
          2.7755575615628914e-17,
          0.8090169943749472,
          0.5877852522924732,
          557.6954453930108
        ],
        [
          0.2588190451025207,
          -0.5677569555011358,
          0.7814504087735195,
          1123.8060486630666
        ],
        [
          0,
          0,
          0,
          1
        ]
      ]
    },
    {
      "file_path": "images/frame_00008.png",
      "transform_matrix": [
        [
          0.8660254037844388,
          0.2938926261462365,
          -0.40450849718747356,
          517.7377866436887
        ],
        [
          0,
          0.8090169943749473,
          0.5877852522924734,
          557.6954453930108
        ],
        [
          0.49999999999999983,
          -0.5090369604551275,
          0.7006292692220368,
          1010.0022325205047
        ],
        [
          0,
          0,
          0,
          1
        ]
      ]
    },
    {
      "file_path": "images/frame_00009.png",
      "transform_matrix": [
        [
          0.7071067811865477,
          0.4156269377774534,
          -0.5720614028176841,
          281.80743262602266
        ],
        [
          2.7755575615628914e-17,
          0.8090169943749473,
          0.5877852522924732,
          557.6954453930108
        ],
        [
          0.7071067811865474,
          -0.41562693777745363,
          0.5720614028176844,
          828.9665045993194
        ],
        [
          0,
          0,
          0,
          1
        ]
      ]
    },
    {
      "file_path": "images/frame_00010.png",
      "transform_matrix": [
        [
          0.4999999999999999,
          0.5090369604551273,
          -0.7006292692220367,
          100.77170470483713
        ],
        [
          5.551115123125783e-17,
          0.8090169943749473,
          0.5877852522924734,
          557.6954453930108
        ],
        [
          0.8660254037844387,
          -0.2938926261462366,
          0.4045084971874735,
          593.0361505816533
        ],
        [
          0,
          0,
          0,
          1
        ]
      ]
    },
    {
      "file_path": "images/frame_00011.png",
      "transform_matrix": [
        [
          0.25881904510252096,
          0.5677569555011357,
          -0.7814504087735195,
          -13.03211143772478
        ],
        [
          -5.551115123125783e-17,
          0.8090169943749473,
          0.5877852522924732,
          557.6954453930108
        ],
        [
          0.9659258262890682,
          -0.15213001772368231,
          0.20938900595583554,
          318.28943420046636
        ],
        [
          0,
          0,
          0,
          1
        ]
      ]
    },
    {
      "file_path": "images/frame_00012.png",
      "transform_matrix": [
        [
          2.220446049250313e-16,
          0.5877852522924731,
          -0.8090169943749475,
          -51.8484738012462
        ],
        [
          5.551115123125783e-17,
          0.8090169943749475,
          0.5877852522924731,
          557.6954453930108
        ],
        [
          1,
          -1.6653345369377348e-16,
          1.1102230246251565e-16,
          23.44989013671889
        ],
        [
          0,
          0,
          0,
          1
        ]
      ]
    },
    {
      "file_path": "images/frame_00013.png",
      "transform_matrix": [
        [
          -0.25881904510252074,
          0.5677569555011357,
          -0.7814504087735195,
          -13.03211143772478
        ],
        [
          0,
          0.8090169943749473,
          0.5877852522924732,
          557.6954453930108
        ],
        [
          0.9659258262890682,
          0.15213001772368218,
          -0.2093890059558352,
          -271.38965392702863
        ],
        [
          0,
          0,
          0,
          1
        ]
      ]
    },
    {
      "file_path": "images/frame_00014.png",
      "transform_matrix": [
        [
          -0.5,
          0.5090369604551273,
          -0.7006292692220368,
          100.77170470483702
        ],
        [
          5.551115123125783e-17,
          0.8090169943749473,
          0.5877852522924732,
          557.6954453930108
        ],
        [
          0.8660254037844388,
          0.29389262614623657,
          -0.4045084971874737,
          -546.1363703082156
        ],
        [
          0,
          0,
          0,
          1
        ]
      ]
    },
    {
      "file_path": "images/frame_00015.png",
      "transform_matrix": [
        [
          -0.707106781186547,
          0.41562693777745374,
          -0.5720614028176846,
          281.8074326260221
        ],
        [
          0,
          0.8090169943749473,
          0.5877852522924732,
          557.6954453930108
        ],
        [
          0.707106781186548,
          0.41562693777745324,
          -0.5720614028176838,
          -782.0667243258813
        ],
        [
          0,
          0,
          0,
          1
        ]
      ]
    },
    {
      "file_path": "images/frame_00016.png",
      "transform_matrix": [
        [
          -0.8660254037844384,
          0.2938926261462369,
          -0.40450849718747406,
          517.737786643688
        ],
        [
          0,
          0.8090169943749473,
          0.5877852522924732,
          557.6954453930108
        ],
        [
          0.5000000000000004,
          0.5090369604551271,
          -0.7006292692220364,
          -963.1024522470668
        ],
        [
          0,
          0,
          0,
          1
        ]
      ]
    },
    {
      "file_path": "images/frame_00017.png",
      "transform_matrix": [
        [
          -0.9659258262890684,
          0.15213001772368212,
          -0.2093890059558352,
          792.4845030248758
        ],
        [
          0,
          0.8090169943749473,
          0.5877852522924732,
          557.6954453930108
        ],
        [
          0.2588190451025207,
          0.5677569555011358,
          -0.7814504087735197,
          -1076.906268389629
        ],
        [
          0,
          0,
          0,
          1
        ]
      ]
    },
    {
      "file_path": "images/frame_00018.png",
      "transform_matrix": [
        [
          -0.9999999999999998,
          1.1731927406453613e-16,
          -1.6147612774523013e-16,
          1087.3240470886228
        ],
        [
          1.232595164407831e-32,
          0.8090169943749475,
          0.5877852522924731,
          557.6954453930108
        ],
        [
          1.9959547063654432e-16,
          0.5877852522924731,
          -0.8090169943749472,
          -1115.7226307531505
        ],
        [
          0,
          0,
          0,
          1
        ]
      ]
    },
    {
      "file_path": "images/frame_00019.png",
      "transform_matrix": [
        [
          -0.9659258262890689,
          -0.1521300177236819,
          0.20938900595583496,
          1382.16359115237
        ],
        [
          1.3877787807814457e-17,
          0.8090169943749473,
          0.5877852522924732,
          557.6954453930108
        ],
        [
          -0.25881904510252035,
          0.5677569555011358,
          -0.7814504087735201,
          -1076.9062683896293
        ],
        [
          0,
          0,
          0,
          1
        ]
      ]
    },
    {
      "file_path": "images/frame_00020.png",
      "transform_matrix": [
        [
          -0.8660254037844384,
          -0.2938926261462368,
          0.4045084971874739,
          1656.910307533558
        ],
        [
          2.7755575615628914e-17,
          0.8090169943749473,
          0.5877852522924732,
          557.6954453930108
        ],
        [
          -0.5000000000000002,
          0.5090369604551271,
          -0.7006292692220364,
          -963.102452247067
        ],
        [
          0,
          0,
          0,
          1
        ]
      ]
    },
    {
      "file_path": "images/frame_00021.png",
      "transform_matrix": [
        [
          -0.7071067811865479,
          -0.4156269377774533,
          0.572061402817684,
          1892.8406615512233
        ],
        [
          -2.7755575615628914e-17,
          0.8090169943749473,
          0.5877852522924732,
          557.6954453930108
        ],
        [
          -0.7071067811865472,
          0.41562693777745363,
          -0.5720614028176847,
          -782.066724325882
        ],
        [
          0,
          0,
          0,
          1
        ]
      ]
    },
    {
      "file_path": "images/frame_00022.png",
      "transform_matrix": [
        [
          -0.5000000000000004,
          -0.5090369604551271,
          0.7006292692220367,
          2073.876389472409
        ],
        [
          0,
          0.8090169943749475,
          0.5877852522924731,
          557.6954453930108
        ],
        [
          -0.8660254037844385,
          0.2938926261462368,
          -0.40450849718747417,
          -546.1363703082163
        ],
        [
          0,
          0,
          0,
          1
        ]
      ]
    },
    {
      "file_path": "images/frame_00023.png",
      "transform_matrix": [
        [
          -0.25881904510252185,
          -0.5677569555011357,
          0.7814504087735196,
          2187.680205614971
        ],
        [
          5.551115123125783e-17,
          0.8090169943749473,
          0.5877852522924734,
          557.6954453930108
        ],
        [
          -0.9659258262890683,
          0.15213001772368273,
          -0.2093890059558361,
          -271.38965392702954
        ],
        [
          0,
          0,
          0,
          1
        ]
      ]
    },
    {
      "file_path": "images/frame_00024.png",
      "transform_matrix": [
        [
          -2.220446049250313e-16,
          0.15643446504023104,
          0.9876883405951379,
          2478.0827389732012
        ],
        [
          0,
          0.9876883405951377,
          -0.15643446504023104,
          -490.236374809178
        ],
        [
          -1.0000000000000002,
          0,
          -2.220446049250313e-16,
          23.44989013671875
        ],
        [
          0,
          0,
          0,
          1
        ]
      ]
    },
    {
      "file_path": "images/frame_00025.png",
      "transform_matrix": [
        [
          0.2588190451025205,
          0.15110408990407354,
          0.954033676505437,
          2430.693785715938
        ],
        [
          2.7755575615628914e-17,
          0.9876883405951377,
          -0.15643446504023104,
          -490.236374809178
        ],
        [
          -0.9659258262890683,
          0.04048821886283626,
          0.2556325531717266,
          383.40472673831607
        ],
        [
          0,
          0,
          0,
          1
        ]
      ]
    },
    {
      "file_path": "images/frame_00026.png",
      "transform_matrix": [
        [
          0.4999999999999998,
          0.13547622075226876,
          0.8553631939770865,
          2291.7564047946826
        ],
        [
          0,
          0.9876883405951377,
          -0.15643446504023104,
          -490.236374809178
        ],
        [
          -0.8660254037844388,
          0.0782172325201155,
          0.49384417029756866,
          718.8292360790076
        ],
        [
          0,
          0,
          0,
          1
        ]
      ]
    },
    {
      "file_path": "images/frame_00027.png",
      "transform_matrix": [
        [
          0.7071067811865475,
          0.11061587104123727,
          0.6984011233337103,
          2070.7389491143404
        ],
        [
          -6.938893903907228e-18,
          0.9876883405951377,
          -0.15643446504023104,
          -490.236374809178
        ],
        [
          -0.7071067811865476,
          0.11061587104123724,
          0.6984011233337102,
          1006.864792162436
        ],
        [
          0,
          0,
          0,
          1
        ]
      ]
    },
    {
      "file_path": "images/frame_00028.png",
      "transform_matrix": [
        [
          0.8660254037844386,
          0.07821723252011553,
          0.4938441702975689,
          1782.7033930309121
        ],
        [
          6.938893903907228e-18,
          0.9876883405951377,
          -0.156434465040231,
          -490.236374809178
        ],
        [
          -0.5,
          0.13547622075226873,
          0.8553631939770863,
          1227.882247842778
        ],
        [
          0,
          0,
          0,
          1
        ]
      ]
    },
    {
      "file_path": "images/frame_00029.png",
      "transform_matrix": [
        [
          0.9659258262890683,
          0.04048821886283626,
          0.2556325531717269,
          1447.2788836902205
        ],
        [
          0,
          0.9876883405951377,
          -0.156434465040231,
          -490.236374809178
        ],
        [
          -0.2588190451025208,
          0.15110408990407348,
          0.9540336765054371,
          1366.8196287640335
        ],
        [
          0,
          0,
          0,
          1
        ]
      ]
    },
    {
      "file_path": "images/frame_00030.png",
      "transform_matrix": [
        [
          1,
          0,
          0,
          1087.324047088623
        ],
        [
          0,
          0.9876883405951377,
          -0.15643446504023104,
          -490.236374809178
        ],
        [
          0,
          0.15643446504023104,
          0.9876883405951377,
          1414.2085820212967
        ],
        [
          0,
          0,
          0,
          1
        ]
      ]
    },
    {
      "file_path": "images/frame_00031.png",
      "transform_matrix": [
        [
          0.9659258262890683,
          -0.040488218862836246,
          -0.25563255317172673,
          727.3692104870258
        ],
        [
          -6.938893903907228e-18,
          0.9876883405951377,
          -0.15643446504023104,
          -490.236374809178
        ],
        [
          0.25881904510252063,
          0.1511040899040735,
          0.9540336765054371,
          1366.8196287640335
        ],
        [
          0,
          0,
          0,
          1
        ]
      ]
    },
    {
      "file_path": "images/frame_00032.png",
      "transform_matrix": [
        [
          0.8660254037844387,
          -0.0782172325201155,
          -0.49384417029756883,
          391.9447011463343
        ],
        [
          6.938893903907228e-18,
          0.9876883405951377,
          -0.15643446504023104,
          -490.236374809178
        ],
        [
          0.49999999999999994,
          0.13547622075226876,
          0.8553631939770864,
          1227.882247842778
        ],
        [
          0,
          0,
          0,
          1
        ]
      ]
    },
    {
      "file_path": "images/frame_00033.png",
      "transform_matrix": [
        [
          0.7071067811865475,
          -0.11061587104123727,
          -0.6984011233337103,
          103.90914506290585
        ],
        [
          -6.938893903907228e-18,
          0.9876883405951377,
          -0.156434465040231,
          -490.236374809178
        ],
        [
          0.7071067811865476,
          0.11061587104123725,
          0.6984011233337102,
          1006.8647921624362
        ],
        [
          0,
          0,
          0,
          1
        ]
      ]
    },
    {
      "file_path": "images/frame_00034.png",
      "transform_matrix": [
        [
          0.5,
          -0.13547622075226873,
          -0.8553631939770863,
          -117.10831061743625
        ],
        [
          1.3877787807814457e-17,
          0.9876883405951377,
          -0.15643446504023104,
          -490.236374809178
        ],
        [
          0.8660254037844386,
          0.0782172325201155,
          0.4938441702975689,
          718.8292360790076
        ],
        [
          0,
          0,
          0,
          1
        ]
      ]
    },
    {
      "file_path": "images/frame_00035.png",
      "transform_matrix": [
        [
          0.2588190451025211,
          -0.1511040899040735,
          -0.9540336765054369,
          -256.04569153869147
        ],
        [
          0,
          0.9876883405951377,
          -0.15643446504023104,
          -490.236374809178
        ],
        [
          0.9659258262890682,
          0.04048821886283632,
          0.2556325531717272,
          383.40472673831647
        ],
        [
          0,
          0,
          0,
          1
        ]
      ]
    },
    {
      "file_path": "images/frame_00036.png",
      "transform_matrix": [
        [
          -2.220446049250313e-16,
          -0.15643446504023106,
          -0.9876883405951379,
          -303.4346447959549
        ],
        [
          -2.7755575615628914e-17,
          0.9876883405951377,
          -0.15643446504023106,
          -490.236374809178
        ],
        [
          1.0000000000000002,
          2.7755575615628914e-17,
          -2.220446049250313e-16,
          23.44989013671892
        ],
        [
          0,
          0,
          0,
          1
        ]
      ]
    },
    {
      "file_path": "images/frame_00037.png",
      "transform_matrix": [
        [
          -0.25881904510252074,
          -0.15110408990407354,
          -0.954033676505437,
          -256.0456915386917
        ],
        [
          -1.3877787807814457e-17,
          0.9876883405951377,
          -0.15643446504023104,
          -490.236374809178
        ],
        [
          0.9659258262890683,
          -0.04048821886283627,
          -0.25563255317172695,
          -336.5049464648786
        ],
        [
          0,
          0,
          0,
          1
        ]
      ]
    },
    {
      "file_path": "images/frame_00038.png",
      "transform_matrix": [
        [
          -0.49999999999999956,
          -0.13547622075226878,
          -0.8553631939770865,
          -117.10831061743647
        ],
        [
          1.3877787807814457e-17,
          0.9876883405951377,
          -0.15643446504023104,
          -490.236374809178
        ],
        [
          0.8660254037844388,
          -0.07821723252011548,
          -0.49384417029756844,
          -671.9294558055699
        ],
        [
          0,
          0,
          0,
          1
        ]
      ]
    },
    {
      "file_path": "images/frame_00039.png",
      "transform_matrix": [
        [
          -0.7071067811865477,
          -0.11061587104123734,
          -0.6984011233337107,
          103.90914506290517
        ],
        [
          0,
          0.9876883405951377,
          -0.15643446504023106,
          -490.236374809178
        ],
        [
          0.707106781186548,
          -0.11061587104123723,
          -0.6984011233337104,
          -959.965011888998
        ],
        [
          0,
          0,
          0,
          1
        ]
      ]
    },
    {
      "file_path": "images/frame_00040.png",
      "transform_matrix": [
        [
          -0.8660254037844384,
          -0.0782172325201156,
          -0.49384417029756933,
          391.9447011463335
        ],
        [
          0,
          0.9876883405951377,
          -0.15643446504023106,
          -490.236374809178
        ],
        [
          0.5000000000000004,
          -0.13547622075226873,
          -0.855363193977086,
          -1180.98246756934
        ],
        [
          0,
          0,
          0,
          1
        ]
      ]
    },
    {
      "file_path": "images/frame_00041.png",
      "transform_matrix": [
        [
          -0.9659258262890686,
          -0.04048821886283624,
          -0.25563255317172673,
          727.3692104870258
        ],
        [
          0,
          0.9876883405951377,
          -0.156434465040231,
          -490.236374809178
        ],
        [
          0.25881904510252063,
          -0.15110408990407354,
          -0.9540336765054374,
          -1319.919848490596
        ],
        [
          0,
          0,
          0,
          1
        ]
      ]
    },
    {
      "file_path": "images/frame_00042.png",
      "transform_matrix": [
        [
          -1,
          -2.557530611870163e-17,
          -1.6147612774523015e-16,
          1087.3240470886228
        ],
        [
          1.5407439555097887e-33,
          0.9876883405951377,
          -0.15643446504023104,
          -490.236374809178
        ],
        [
          1.6348894798933408e-16,
          -0.15643446504023104,
          -0.9876883405951378,
          -1367.3088017478592
        ],
        [
          0,
          0,
          0,
          1
        ]
      ]
    },
    {
      "file_path": "images/frame_00043.png",
      "transform_matrix": [
        [
          -0.9659258262890686,
          0.04048821886283619,
          0.2556325531717264,
          1447.2788836902198
        ],
        [
          0,
          0.9876883405951377,
          -0.15643446504023104,
          -490.236374809178
        ],
        [
          -0.2588190451025203,
          -0.15110408990407356,
          -0.9540336765054374,
          -1319.9198484905962
        ],
        [
          0,
          0,
          0,
          1
        ]
      ]
    },
    {
      "file_path": "images/frame_00044.png",
      "transform_matrix": [
        [
          -0.8660254037844384,
          0.07821723252011553,
          0.4938441702975689,
          1782.7033930309121
        ],
        [
          -6.938893903907228e-18,
          0.9876883405951377,
          -0.156434465040231,
          -490.236374809178
        ],
        [
          -0.5,
          -0.13547622075226873,
          -0.855363193977086,
          -1180.9824675693405
        ],
        [
          0,
          0,
          0,
          1
        ]
      ]
    },
    {
      "file_path": "images/frame_00045.png",
      "transform_matrix": [
        [
          -0.7071067811865477,
          0.11061587104123727,
          0.6984011233337103,
          2070.7389491143404
        ],
        [
          -1.3877787807814457e-17,
          0.9876883405951377,
          -0.15643446504023106,
          -490.236374809178
        ],
        [
          -0.7071067811865476,
          -0.11061587104123728,
          -0.6984011233337104,
          -959.9650118889988
        ],
        [
          0,
          0,
          0,
          1
        ]
      ]
    },
    {
      "file_path": "images/frame_00046.png",
      "transform_matrix": [
        [
          -0.5000000000000004,
          0.13547622075226873,
          0.855363193977086,
          2291.7564047946817
        ],
        [
          0,
          0.9876883405951377,
          -0.15643446504023106,
          -490.236374809178
        ],
        [
          -0.8660254037844384,
          -0.07821723252011561,
          -0.49384417029756933,
          -671.9294558055708
        ],
        [
          0,
          0,
          0,
          1
        ]
      ]
    },
    {
      "file_path": "images/frame_00047.png",
      "transform_matrix": [
        [
          -0.25881904510252207,
          0.1511040899040735,
          0.9540336765054369,
          2430.6937857159373
        ],
        [
          0,
          0.9876883405951377,
          -0.15643446504023106,
          -490.236374809178
        ],
        [
          -0.9659258262890682,
          -0.04048821886283643,
          -0.25563255317172806,
          -336.5049464648797
        ],
        [
          0,
          0,
          0,
          1
        ]
      ]
    },
    {
      "file_path": "images/frame_00048.png",
      "transform_matrix": [
        [
          -2.220446049250313e-16,
          0.8090169943749476,
          0.5877852522924732,
          1914.9813302501886
        ],
        [
          0,
          0.5877852522924731,
          -0.8090169943749476,
          -1409.134358658424
        ],
        [
          -1.0000000000000002,
          0,
          -2.220446049250313e-16,
          23.44989013671875
        ],
        [
          0,
          0,
          0,
          1
        ]
      ]
    },
    {
      "file_path": "images/frame_00049.png",
      "transform_matrix": [
        [
          0.25881904510252074,
          0.7814504087735197,
          0.5677569555011356,
          1886.7795922106238
        ],
        [
          -5.551115123125783e-17,
          0.5877852522924731,
          -0.8090169943749475,
          -1409.134358658424
        ],
        [
          -0.9659258262890683,
          0.20938900595583526,
          0.15213001772368218,
          237.66335783674177
        ],
        [
          0,
          0,
          0,
          1
        ]
      ]
    },
    {
      "file_path": "images/frame_00050.png",
      "transform_matrix": [
        [
          0.5000000000000002,
          0.7006292692220366,
          0.5090369604551273,
          1804.0962799337494
        ],
        [
          -1.6653345369377348e-16,
          0.5877852522924732,
          -0.8090169943749475,
          -1409.134358658424
        ],
        [
          -0.8660254037844386,
          0.40450849718747395,
          0.2938926261462368,
          437.2785317175015
        ],
        [
          0,
          0,
          0,
          1
        ]
      ]
    },
    {
      "file_path": "images/frame_00051.png",
      "transform_matrix": [
        [
          0.7071067811865475,
          0.5720614028176844,
          0.4156269377774534,
          1672.5661245106007
        ],
        [
          0,
          0.5877852522924731,
          -0.8090169943749473,
          -1409.134358658424
        ],
        [
          -0.7071067811865476,
          0.5720614028176841,
          0.4156269377774534,
          608.6919675586963
        ],
        [
          0,
          0,
          0,
          1
        ]
      ]
    },
    {
      "file_path": "images/frame_00052.png",
      "transform_matrix": [
        [
          0.8660254037844386,
          0.40450849718747384,
          0.2938926261462367,
          1501.152688669406
        ],
        [
          -2.7755575615628914e-17,
          0.5877852522924731,
          -0.8090169943749476,
          -1409.134358658424
        ],
        [
          -0.5000000000000002,
          0.7006292692220367,
          0.509036960455127,
          740.222122981845
        ],
        [
          0,
          0,
          0,
          1
        ]
      ]
    },
    {
      "file_path": "images/frame_00053.png",
      "transform_matrix": [
        [
          0.9659258262890683,
          0.20938900595583532,
          0.15213001772368218,
          1301.5375147886461
        ],
        [
          -1.3877787807814457e-17,
          0.5877852522924734,
          -0.8090169943749473,
          -1409.134358658424
        ],
        [
          -0.2588190451025208,
          0.7814504087735196,
          0.5677569555011357,
          822.9054352587194
        ],
        [
          0,
          0,
          0,
          1
        ]
      ]
    },
    {
      "file_path": "images/frame_00054.png",
      "transform_matrix": [
        [
          1,
          0,
          0,
          1087.324047088623
        ],
        [
          0,
          0.5877852522924731,
          -0.8090169943749475,
          -1409.134358658424
        ],
        [
          0,
          0.8090169943749475,
          0.5877852522924731,
          851.1071732982844
        ],
        [
          0,
          0,
          0,
          1
        ]
      ]
    },
    {
      "file_path": "images/frame_00055.png",
      "transform_matrix": [
        [
          0.9659258262890683,
          -0.2093890059558351,
          -0.152130017723682,
          873.1105793886002
        ],
        [
          1.3877787807814457e-17,
          0.5877852522924734,
          -0.8090169943749473,
          -1409.134358658424
        ],
        [
          0.2588190451025205,
          0.7814504087735196,
          0.5677569555011358,
          822.9054352587194
        ],
        [
          0,
          0,
          0,
          1
        ]
      ]
    },
    {
      "file_path": "images/frame_00056.png",
      "transform_matrix": [
        [
          0.8660254037844387,
          -0.40450849718747356,
          -0.29389262614623657,
          673.4954055078404
        ],
        [
          5.551115123125783e-17,
          0.5877852522924732,
          -0.8090169943749475,
          -1409.134358658424
        ],
        [
          0.4999999999999999,
          0.7006292692220368,
          0.5090369604551274,
          740.2221229818451
        ],
        [
          0,
          0,
          0,
          1
        ]
      ]
    },
    {
      "file_path": "images/frame_00057.png",
      "transform_matrix": [
        [
          0.7071067811865475,
          -0.5720614028176843,
          -0.4156269377774534,
          502.0819696666455
        ],
        [
          5.551115123125783e-17,
          0.5877852522924731,
          -0.8090169943749473,
          -1409.134358658424
        ],
        [
          0.7071067811865476,
          0.5720614028176841,
          0.4156269377774534,
          608.6919675586963
        ],
        [
          0,
          0,
          0,
          1
        ]
      ]
    },
    {
      "file_path": "images/frame_00058.png",
      "transform_matrix": [
        [
          0.5000000000000002,
          -0.7006292692220366,
          -0.5090369604551273,
          370.55181424349666
        ],
        [
          1.6653345369377348e-16,
          0.5877852522924732,
          -0.8090169943749475,
          -1409.134358658424
        ],
        [
          0.8660254037844386,
          0.40450849718747395,
          0.2938926261462368,
          437.2785317175015
        ],
        [
          0,
          0,
          0,
          1
        ]
      ]
    },
    {
      "file_path": "images/frame_00059.png",
      "transform_matrix": [
        [
          0.25881904510252074,
          -0.7814504087735197,
          -0.5677569555011356,
          287.8685019666225
        ],
        [
          -5.551115123125783e-17,
          0.5877852522924731,
          -0.8090169943749475,
          -1409.134358658424
        ],
        [
          0.9659258262890683,
          0.20938900595583543,
          0.15213001772368206,
          237.663357836742
        ],
        [
          0,
          0,
          0,
          1
        ]
      ]
    },
    {
      "file_path": "images/frame_00060.png",
      "transform_matrix": [
        [
          -2.220446049250313e-16,
          -0.8090169943749476,
          -0.5877852522924732,
          259.66676392705745
        ],
        [
          0,
          0.5877852522924731,
          -0.8090169943749476,
          -1409.134358658424
        ],
        [
          1.0000000000000002,
          0,
          -2.220446049250313e-16,
          23.449890136718853
        ],
        [
          0,
          0,
          0,
          1
        ]
      ]
    },
    {
      "file_path": "images/frame_00061.png",
      "transform_matrix": [
        [
          -0.25881904510252074,
          -0.7814504087735197,
          -0.5677569555011356,
          287.8685019666224
        ],
        [
          -5.551115123125783e-17,
          0.5877852522924731,
          -0.8090169943749475,
          -1409.134358658424
        ],
        [
          0.9659258262890683,
          -0.20938900595583526,
          -0.15213001772368218,
          -190.76357756330432
        ],
        [
          0,
          0,
          0,
          1
        ]
      ]
    },
    {
      "file_path": "images/frame_00062.png",
      "transform_matrix": [
        [
          -0.5,
          -0.7006292692220368,
          -0.5090369604551275,
          370.55181424349655
        ],
        [
          5.551115123125783e-17,
          0.5877852522924731,
          -0.8090169943749475,
          -1409.134358658424
        ],
        [
          0.8660254037844388,
          -0.4045084971874735,
          -0.29389262614623646,
          -390.3787514440639
        ],
        [
          0,
          0,
          0,
          1
        ]
      ]
    },
    {
      "file_path": "images/frame_00063.png",
      "transform_matrix": [
        [
          -0.7071067811865472,
          -0.5720614028176845,
          -0.41562693777745374,
          502.08196966664514
        ],
        [
          -5.551115123125783e-17,
          0.5877852522924732,
          -0.8090169943749473,
          -1409.134358658424
        ],
        [
          0.7071067811865479,
          -0.5720614028176839,
          -0.4156269377774535,
          -561.7921872852585
        ],
        [
          0,
          0,
          0,
          1
        ]
      ]
    },
    {
      "file_path": "images/frame_00064.png",
      "transform_matrix": [
        [
          -0.8660254037844384,
          -0.4045084971874741,
          -0.29389262614623685,
          673.4954055078399
        ],
        [
          5.551115123125783e-17,
          0.5877852522924731,
          -0.8090169943749475,
          -1409.134358658424
        ],
        [
          0.5000000000000004,
          -0.7006292692220366,
          -0.509036960455127,
          -693.3223427084074
        ],
        [
          0,
          0,
          0,
          1
        ]
      ]
    },
    {
      "file_path": "images/frame_00065.png",
      "transform_matrix": [
        [
          -0.9659258262890684,
          -0.2093890059558351,
          -0.15213001772368204,
          873.1105793886002
        ],
        [
          -2.7755575615628914e-17,
          0.5877852522924734,
          -0.8090169943749473,
          -1409.134358658424
        ],
        [
          0.2588190451025205,
          -0.7814504087735196,
          -0.5677569555011359,
          -776.0056549852819
        ],
        [
          0,
          0,
          0,
          1
        ]
      ]
    },
    {
      "file_path": "images/frame_00066.png",
      "transform_matrix": [
        [
          -1.0000000000000004,
          -2.222528228162284e-16,
          -1.6147612774523015e-16,
          1087.3240470886228
        ],
        [
          0,
          0.5877852522924731,
          -0.8090169943749475,
          -1409.134358658424
        ],
        [
          2.747195971920746e-16,
          -0.8090169943749475,
          -0.5877852522924734,
          -804.2073930248469
        ],
        [
          0,
          0,
          0,
          1
        ]
      ]
    },
    {
      "file_path": "images/frame_00067.png",
      "transform_matrix": [
        [
          -0.9659258262890682,
          0.2093890059558349,
          0.15213001772368187,
          1301.5375147886457
        ],
        [
          0,
          0.5877852522924731,
          -0.8090169943749473,
          -1409.134358658424
        ],
        [
          -0.2588190451025203,
          -0.7814504087735196,
          -0.5677569555011355,
          -776.005654985282
        ],
        [
          0,
          0,
          0,
          1
        ]
      ]
    },
    {
      "file_path": "images/frame_00068.png",
      "transform_matrix": [
        [
          -0.8660254037844384,
          0.40450849718747395,
          0.2938926261462367,
          1501.152688669406
        ],
        [
          -2.7755575615628914e-17,
          0.587785252292473,
          -0.8090169943749476,
          -1409.134358658424
        ],
        [
          -0.5000000000000002,
          -0.7006292692220367,
          -0.5090369604551268,
          -693.3223427084075
        ],
        [
          0,
          0,
          0,
          1
        ]
      ]
    },
    {
      "file_path": "images/frame_00069.png",
      "transform_matrix": [
        [
          -0.7071067811865477,
          0.5720614028176841,
          0.4156269377774534,
          1672.5661245106005
        ],
        [
          0,
          0.5877852522924731,
          -0.8090169943749473,
          -1409.134358658424
        ],
        [
          -0.7071067811865474,
          -0.5720614028176844,
          -0.4156269377774535,
          -561.7921872852589
        ],
        [
          0,
          0,
          0,
          1
        ]
      ]
    },
    {
      "file_path": "images/frame_00070.png",
      "transform_matrix": [
        [
          -0.5000000000000007,
          0.7006292692220366,
          0.509036960455127,
          1804.0962799337492
        ],
        [
          5.551115123125783e-17,
          0.5877852522924731,
          -0.8090169943749475,
          -1409.134358658424
        ],
        [
          -0.8660254037844384,
          -0.40450849718747417,
          -0.2938926261462371,
          -390.3787514440644
        ],
        [
          0,
          0,
          0,
          1
        ]
      ]
    },
    {
      "file_path": "images/frame_00071.png",
      "transform_matrix": [
        [
          -0.2588190451025216,
          0.7814504087735195,
          0.5677569555011354,
          1886.7795922106234
        ],
        [
          5.551115123125783e-17,
          0.5877852522924729,
          -0.8090169943749476,
          -1409.134358658424
        ],
        [
          -0.9659258262890681,
          -0.20938900595583598,
          -0.15213001772368262,
          -190.76357756330498
        ],
        [
          0,
          0,
          0,
          1
        ]
      ]
    }
  ]
}